candidate_id,source_sha256,source_dataset,experimental_file,redistribution
MED-001,41ef583811174ddf13cb6d7a84b15b18b3adde715bc8671a456257457624d28c,Kaggle: DICOM data (Ashraf Alsinglawi),"512×512, 8-bit grayscale JPEG derivative",Not redistributed; obtain from source and verify hash
MED-002,88549e4cdb9d39a4021f3773e5bd6a575d639560399fe478891b94bffebb3cdc,Kaggle: DICOM data (Ashraf Alsinglawi),"512×512, 8-bit grayscale JPEG derivative",Not redistributed; obtain from source and verify hash
MED-003,b01afded87d85d0bfaa4eefce5964d6e6c6d5b251b4caa653f09179ca8c54720,Kaggle: DICOM data (Ashraf Alsinglawi),"512×512, 8-bit grayscale JPEG derivative",Not redistributed; obtain from source and verify hash
MED-004,35d971841e7f192c1915663a20697a3aecd4694e99e26c48e274353ad0e39914,Kaggle: DICOM data (Ashraf Alsinglawi),"512×512, 8-bit grayscale JPEG derivative",Not redistributed; obtain from source and verify hash
MED-005,b650fe8e6115834d1e57d42817496dc056372ae14b2e990e63e8240f51b6b448,Kaggle: DICOM data (Ashraf Alsinglawi),"512×512, 8-bit grayscale JPEG derivative",Not redistributed; obtain from source and verify hash
MED-006,92cf948e74c9333bee5fd9171eda76d95af66e7498f5a5be4ece15a83f8060e6,Kaggle: DICOM data (Ashraf Alsinglawi),"512×512, 8-bit grayscale JPEG derivative",Not redistributed; obtain from source and verify hash
MED-007,ffe33ab6456daa1f72413940b6a8d32cc66deef12b532ac50bca16d4beeb9d1f,Kaggle: DICOM data (Ashraf Alsinglawi),"512×512, 8-bit grayscale JPEG derivative",Not redistributed; obtain from source and verify hash
MED-008,fafce5ee4853f81c0c82e6a5afcf978caa8c13015bd6cf141be6b700ffc00267,Kaggle: DICOM data (Ashraf Alsinglawi),"512×512, 8-bit grayscale JPEG derivative",Not redistributed; obtain from source and verify hash
MED-009,158ca120a9a73e23443cc751f13d36603bde046e8813e9d1173ee2a17623baf6,Kaggle: DICOM data (Ashraf Alsinglawi),"512×512, 8-bit grayscale JPEG derivative",Not redistributed; obtain from source and verify hash
MED-010,67029c98a39e45ca90f56e976871f8a6284d44a8457a25b64b99e95e085f69fa,Kaggle: DICOM data (Ashraf Alsinglawi),"512×512, 8-bit grayscale JPEG derivative",Not redistributed; obtain from source and verify hash
MED-011,e980d42fabefa294289e3bf32fe82d54ae8ca6770a0edf77e9b0a92f476b1895,Kaggle: DICOM data (Ashraf Alsinglawi),"512×512, 8-bit grayscale JPEG derivative",Not redistributed; obtain from source and verify hash
MED-012,48960e6e071b6d5df73de28bd0e1ac87933172d2b9f26aa0975c5da03afb427f,Kaggle: DICOM data (Ashraf Alsinglawi),"512×512, 8-bit grayscale JPEG derivative",Not redistributed; obtain from source and verify hash
MED-013,69e87471aeef5310979a3a1ec3cc772d90bad51b036e2e73f74c0f85f352bf6d,Kaggle: DICOM data (Ashraf Alsinglawi),"512×512, 8-bit grayscale JPEG derivative",Not redistributed; obtain from source and verify hash
MED-014,910bdd384072fd1efae093cf5925367eda19579a90d5a4cef1be4e41baeca2cc,Kaggle: DICOM data (Ashraf Alsinglawi),"512×512, 8-bit grayscale JPEG derivative",Not redistributed; obtain from source and verify hash
MED-015,acf1f14ef2528260f99d59318849df3cc9e19048bd7d5e8b7ec6a471a8200af2,Kaggle: DICOM data (Ashraf Alsinglawi),"512×512, 8-bit grayscale JPEG derivative",Not redistributed; obtain from source and verify hash
MED-016,045559c0fb399e6d3001aea725c3011c0419abda65cba4b35e1be3c7d7bfd662,Kaggle: DICOM data (Ashraf Alsinglawi),"512×512, 8-bit grayscale JPEG derivative",Not redistributed; obtain from source and verify hash
MED-017,0eda85a7292d0f361fbf1bae95ba4ba4b5c626b0b25450b2d70f4159f5358a92,Kaggle: DICOM data (Ashraf Alsinglawi),"512×512, 8-bit grayscale JPEG derivative",Not redistributed; obtain from source and verify hash
MED-018,a0e920838e5b4f52bf1c50077521f47bc5e9fa6760a423600ff241b0052e5c0c,Kaggle: DICOM data (Ashraf Alsinglawi),"512×512, 8-bit grayscale JPEG derivative",Not redistributed; obtain from source and verify hash
MED-019,a1fbeae8b045ad870a725c9109e958894ec877241395595b6fc8de8e7de3909b,Kaggle: DICOM data (Ashraf Alsinglawi),"512×512, 8-bit grayscale JPEG derivative",Not redistributed; obtain from source and verify hash
MED-020,eb3f272ead35163df4cdfef42288becf3a111f9840b5a095ae79ef951806008c,Kaggle: DICOM data (Ashraf Alsinglawi),"512×512, 8-bit grayscale JPEG derivative",Not redistributed; obtain from source and verify hash
MED-021,3e2873e1adf968381e2f430239bd2dab9dde6b92e74e68ef4c4d6ff02dbbd89f,Kaggle: DICOM data (Ashraf Alsinglawi),"512×512, 8-bit grayscale JPEG derivative",Not redistributed; obtain from source and verify hash
MED-022,9a8a907bff994ad46abdfe5efb92ae6abb05b9c4f3908a767647b25443b88459,Kaggle: DICOM data (Ashraf Alsinglawi),"512×512, 8-bit grayscale JPEG derivative",Not redistributed; obtain from source and verify hash
MED-023,915e4ac72bf1cc3b7a21727c447c930a30166e423682a0fe0837806be87aeca3,Kaggle: DICOM data (Ashraf Alsinglawi),"512×512, 8-bit grayscale JPEG derivative",Not redistributed; obtain from source and verify hash
MED-024,f9f565d83b4ee1be027d5ba44190304ae2a856d91443022063d0aefdee792b69,Kaggle: DICOM data (Ashraf Alsinglawi),"512×512, 8-bit grayscale JPEG derivative",Not redistributed; obtain from source and verify hash
MED-025,7f4ce5fbde31c13864117e4c47ce48c582d13a4e2fd1a3f4894a55a2b7efec8d,Kaggle: DICOM data (Ashraf Alsinglawi),"512×512, 8-bit grayscale JPEG derivative",Not redistributed; obtain from source and verify hash
MED-026,65c7dac24cd83d00112d5d06b07d596ca27de9c4b10fa134ed8c06fd013db9ac,Kaggle: DICOM data (Ashraf Alsinglawi),"512×512, 8-bit grayscale JPEG derivative",Not redistributed; obtain from source and verify hash
MED-027,9d7900f6926e9fea5a882210439cb0d6a05edde32cbba30ea8eb9c38d25493b1,Kaggle: DICOM data (Ashraf Alsinglawi),"512×512, 8-bit grayscale JPEG derivative",Not redistributed; obtain from source and verify hash
MED-028,8d1e25a4d187eebbc112f734da29d8c6e13b9ca7d709d82d8c11180974a12ec9,Kaggle: DICOM data (Ashraf Alsinglawi),"512×512, 8-bit grayscale JPEG derivative",Not redistributed; obtain from source and verify hash
MED-029,7b2af903013e843c5e72cee3e9f718e747173df5c7afc72c6bf4ded8f0de0d94,Kaggle: DICOM data (Ashraf Alsinglawi),"512×512, 8-bit grayscale JPEG derivative",Not redistributed; obtain from source and verify hash
MED-030,d05f93cbc72967e4d4c2bedf0bc605c94e7394c085e7a91c2755034fb8b3b061,Kaggle: DICOM data (Ashraf Alsinglawi),"512×512, 8-bit grayscale JPEG derivative",Not redistributed; obtain from source and verify hash
MED-031,d3c20a93b325f0bb28501e1ed0c5d6f554f7b8309f98768e6552579806ab1bbd,Kaggle: DICOM data (Ashraf Alsinglawi),"512×512, 8-bit grayscale JPEG derivative",Not redistributed; obtain from source and verify hash
MED-032,636774927cef05e982dc03efa30f3c50e3d98499a894d43994a1b8df6e5e4734,Kaggle: DICOM data (Ashraf Alsinglawi),"512×512, 8-bit grayscale JPEG derivative",Not redistributed; obtain from source and verify hash
MED-033,812e3e5bfd885ebfd7501eed79b0523b766a3e41a32a729e3cac644643342a36,Kaggle: DICOM data (Ashraf Alsinglawi),"512×512, 8-bit grayscale JPEG derivative",Not redistributed; obtain from source and verify hash
MED-034,9f1b51a256d3252110d9fc7ff5a5a662db6cd0a80c04453a800e8c2fd578c523,Kaggle: DICOM data (Ashraf Alsinglawi),"512×512, 8-bit grayscale JPEG derivative",Not redistributed; obtain from source and verify hash
MED-035,5e582feca2947765c0271ab607542c0cc4232b49eec2a3a8889db35fdabdf946,Kaggle: DICOM data (Ashraf Alsinglawi),"512×512, 8-bit grayscale JPEG derivative",Not redistributed; obtain from source and verify hash
MED-036,90c02e63edeba9ba846496114412a2a7dd114e97bb4794e54a4a6e009b8463b0,Kaggle: DICOM data (Ashraf Alsinglawi),"512×512, 8-bit grayscale JPEG derivative",Not redistributed; obtain from source and verify hash
